issue_year,loans,default_rate
2007,603,0.2620232172470978
2008,2393,0.20727120768909318
2009,5281,0.1369058890361674
2010,12537,0.14014517029592408
2011,21721,0.15178859168546568
2012,53367,0.1619727546985965
2013,134814,0.1559927010547866
2014,235629,0.1757338867456892
2015,421095,0.1825027606597086
2016,434407,0.16497432131618506
2017,443579,0.10111840280987153
2018,495242,0.027178631860787252